acc_x,acc_y,acc_z,gyro_x,gyro_y,gyro_z
0.086181640625,0.413818359375,0.9290771484375,-14.83206106870229,-64.17557251908397,37.083969465648856
0.19384765625,0.1837158203125,0.621337890625,-25.442748091603054,-65.98473282442748,48.38167938931298
0.39013671875,0.0108642578125,0.53515625,-2.0763358778625953,-49.541984732824424,28.38167938931298
0.550048828125,0.0535888671875,0.4808349609375,-0.549618320610687,-15.045801526717558,15.473282442748092
0.4888916015625,0.062744140625,0.6669921875,-13.870229007633588,-9.83206106870229,8.740458015267176
0.5223388671875,0.021728515625,0.515869140625,-13.183206106870228,5.022900763358779,3.7938931297709924
0.5029296875,-0.062255859375,0.319580078125,-4.908396946564886,30.50381679389313,-3.6030534351145036
0.3890380859375,0.1536865234375,0.4427490234375,-10.320610687022901,73.38931297709924,-3.015267175572519
0.164306640625,0.1956787109375,0.8411865234375,29.061068702290076,83.43511450381679,-40.38167938931298
0.0888671875,0.301025390625,1.1072998046875,-12.114503816793894,34.847328244274806,-39.404580152671755
0.1719970703125,0.3128662109375,1.3414306640625,-14.625954198473282,41.725190839694655,-14.435114503816793
0.1226806640625,0.2623291015625,1.2474365234375,-3.366412213740458,12.198473282442748,-1.9694656488549618
0.1318359375,0.201171875,1.1192626953125,1.8702290076335877,-6.267175572519084,-2.816793893129771
0.0975341796875,0.32958984375,1.3154296875,4.977099236641221,-20.80916030534351,3.7938931297709924
0.11181640625,0.3021240234375,1.178955078125,12.786259541984732,-53.18320610687023,4.0
0.1251220703125,0.211669921875,0.9654541015625,-24.0,-61.82442748091603,7.473282442748092
0.1937255859375,0.126220703125,0.525146484375,-7.641221374045801,-79.95419847328245,28.129770992366414
0.474853515625,-0.11962890625,0.261474609375,-3.0916030534351147,-38.57251908396947,12.404580152671755
0.5054931640625,-0.0159912109375,0.539306640625,-9.580152671755725,2.4198473282442747,3.33587786259542
0.52783203125,0.018310546875,0.599609375,0.648854961832061,8.290076335877863,1.0305343511450382
0.59130859375,0.021484375,0.449951171875,-15.679389312977099,14.969465648854962,-7.900763358778626
0.21630859375,0.0584716796875,0.73193359375,3.030534351145038,55.30534351145038,-22.022900763358777
0.0643310546875,0.11474609375,0.5672607421875,-14.465648854961833,82.82442748091603,-19.083969465648856
-0.0115966796875,0.240966796875,0.951904296875,-31.18320610687023,99.00763358778626,-45.87022900763359
-0.1627197265625,0.2054443359375,1.5855712890625,-16.51145038167939,45.83969465648855,-22.015267175572518
-0.1348876953125,0.20703125,1.2581787109375,3.763358778625954,-2.5801526717557253,5.885496183206107
-0.1212158203125,0.2100830078125,0.991455078125,13.068702290076336,-16.709923664122137,6.213740458015267
-0.068359375,0.2249755859375,1.156005859375,17.64885496183206,-21.801526717557252,8.17557251908397
-0.047119140625,0.2669677734375,1.246337890625,13.366412213740459,-66.0381679389313,16.778625954198475
0.05029296875,0.287109375,1.044677734375,11.17557251908397,-94.31297709923665,32.48854961832061
0.24755859375,0.200927734375,0.706298828125,16.931297709923665,-85.22137404580153,35.79389312977099
0.441162109375,0.023193359375,0.5213623046875,-21.30534351145038,-32.603053435114504,19.35114503816794
0.4522705078125,0.12158203125,0.4833984375,-12.358778625954198,-28.65648854961832,20.96946564885496
0.5985107421875,0.022705078125,0.4598388671875,-11.86259541984733,-6.0534351145038165,4.099236641221374
0.5904541015625,0.010498046875,0.6534423828125,-4.564885496183206,11.091603053435115,-3.3587786259541983
0.4881591796875,0.0294189453125,0.669189453125,2.946564885496183,36.534351145038165,-25.519083969465647
0.423583984375,0.079345703125,0.4296875,17.389312977099237,29.885496183206108,-1.5877862595419847
0.341552734375,0.069091796875,0.50732421875,9.664122137404581,79.93893129770993,-26.9618320610687
0.0771484375,0.22119140625,0.9107666015625,-13.687022900763358,94.58778625954199,-42.282442748091604
-0.0413818359375,0.328857421875,1.2607421875,9.969465648854962,80.70229007633588,-31.076335877862597
-0.13427734375,0.3878173828125,1.3209228515625,-9.938931297709924,38.152671755725194,-17.99236641221374
-0.1209716796875,0.2755126953125,1.1722412109375,9.580152671755725,-1.5267175572519085,1.618320610687023
-0.085205078125,0.3997802734375,1.215576171875,5.305343511450381,-25.106870229007633,2.0610687022900764
-0.0382080078125,0.3543701171875,1.134033203125,-5.343511450381679,-49.51145038167939,16.358778625954198
-0.024658203125,0.2928466796875,1.0517578125,8.259541984732824,-54.61832061068702,18.15267175572519
0.117919921875,0.2352294921875,0.9173583984375,27.27480916030534,-86.16030534351145,33.030534351145036
0.242919921875,0.247314453125,0.5989990234375,-3.2442748091603053,-54.55725190839695,38.23664122137404
0.446533203125,0.1165771484375,0.5089111328125,7.221374045801527,-47.98473282442748,20.541984732824428
0.5382080078125,0.1102294921875,0.5528564453125,-10.335877862595419,-20.519083969465647,13.236641221374045
0.5599365234375,0.094970703125,0.58837890625,-7.129770992366412,-8.114503816793894,8.633587786259541
0.5701904296875,0.0970458984375,0.5467529296875,-7.755725190839694,11.114503816793894,-7.1603053435114505
0.4759521484375,0.1480712890625,0.5279541015625,-24.9618320610687,42.67175572519084,-14.358778625954198
0.3358154296875,0.161376953125,0.5919189453125,-19.52671755725191,57.10687022900763,-21.38167938931298
0.189453125,0.1258544921875,0.723388671875,-27.0,44.63358778625954,-15.419847328244275
0.0628662109375,0.0997314453125,0.9739990234375,12.15267175572519,28.893129770992367,0.04580152671755725
0.176025390625,0.1097412109375,1.0474853515625,-77.38931297709924,5.33587786259542,-15.969465648854962
0.1427001953125,0.0714111328125,1.4345703125,-40.69465648854962,28.49618320610687,-10.793893129770993
0.0361328125,0.0499267578125,0.994384765625,-8.312977099236642,-19.282442748091604,9.641221374045802
0.0377197265625,0.1121826171875,1.2078857421875,5.480916030534351,-20.47328244274809,5.0
0.0670166015625,0.1402587890625,1.1224365234375,19.587786259541986,-43.31297709923664,10.694656488549619
0.1710205078125,0.11474609375,1.0445556640625,21.290076335877863,-49.87022900763359,13.038167938931299
0.2364501953125,0.133056640625,0.9515380859375,13.86259541984733,-42.725190839694655,7.3893129770992365
0.299072265625,0.21142578125,0.854248046875,3.1068702290076335,-44.38167938931298,4.106870229007634
0.3612060546875,0.1734619140625,0.67626953125,13.244274809160306,-67.61832061068702,29.282442748091604
0.6031494140625,0.008056640625,0.2235107421875,11.732824427480915,-49.274809160305345,21.46564885496183
0.557861328125,0.1204833984375,0.6573486328125,8.770992366412214,-5.6183206106870225,16.82442748091603
0.6593017578125,0.1046142578125,0.4295654296875,-12.01526717557252,2.030534351145038,2.0381679389312977
0.61181640625,0.12744140625,0.5904541015625,-18.19083969465649,13.290076335877863,-10.15267175572519
0.5421142578125,0.1002197265625,0.667236328125,-10.557251908396946,25.412213740458014,-12.534351145038167
0.47021484375,0.12939453125,0.5240478515625,-20.68702290076336,39.45038167938932,-11.641221374045802
0.3740234375,0.1361083984375,0.651123046875,-25.14503816793893,66.64885496183206,-19.47328244274809
0.1771240234375,0.19189453125,0.9088134765625,-19.900763358778626,75.19083969465649,-23.48854961832061
0.0599365234375,0.208984375,1.0057373046875,-20.259541984732824,60.48854961832061,-17.83969465648855
0.0006103515625,0.1964111328125,1.0972900390625,-25.801526717557252,52.42748091603053,-20.900763358778626
-0.0311279296875,0.1767578125,1.2027587890625,-12.259541984732824,20.84732824427481,-6.412213740458015
-0.0146484375,0.1552734375,1.3916015625,-11.86259541984733,-9.297709923664122,1.9465648854961832
0.00048828125,0.168212890625,1.3289794921875,9.679389312977099,-47.36641221374046,14.145038167938932
0.0333251953125,0.1373291015625,1.09033203125,25.99236641221374,-67.50381679389314,22.6793893129771
0.1343994140625,0.15625,0.96484375,11.82442748091603,-91.81679389312977,22.236641221374047
0.2840576171875,0.150634765625,0.6524658203125,11.297709923664122,-91.12977099236642,26.931297709923665
0.5030517578125,0.01708984375,0.406005859375,6.549618320610687,-39.3587786259542,18.244274809160306
0.53662109375,0.0867919921875,0.5159912109375,-12.404580152671755,-28.14503816793893,17.900763358778626
0.6492919921875,0.0758056640625,0.460205078125,7.732824427480916,-14.335877862595419,4.709923664122138
0.637939453125,0.067626953125,0.445068359375,-2.9770992366412212,20.0,-8.114503816793894
0.49267578125,0.078369140625,0.552734375,-19.633587786259543,41.12977099236641,-10.885496183206106
0.4453125,0.0517578125,0.627197265625,-6.847328244274809,57.33587786259542,-6.679389312977099
0.3040771484375,0.12451171875,0.849853515625,-13.893129770992367,59.42748091603053,-18.00763358778626
0.28515625,0.201416015625,0.9976806640625,8.641221374045802,31.671755725190838,-25.770992366412212
0.2825927734375,0.2408447265625,0.9935302734375,-12.030534351145038,42.16030534351145,-24.64885496183206
0.1419677734375,0.2950439453125,1.128173828125,-20.717557251908396,32.229007633587784,-19.80916030534351
0.08154296875,0.2401123046875,1.0673828125,-9.213740458015268,14.854961832061068,-12.366412213740459
0.1055908203125,0.2587890625,1.0394287109375,-6.122137404580153,-0.9770992366412213,-0.16030534351145037
0.09033203125,0.3720703125,1.3785400390625,25.893129770992367,-39.25190839694657,16.900763358778626
0.17822265625,0.3262939453125,1.1158447265625,41.88549618320611,-58.343511450381676,28.106870229007633
0.2574462890625,0.32666015625,0.9190673828125,21.091603053435115,-39.847328244274806,20.96946564885496
0.2725830078125,0.2801513671875,0.710205078125,-2.6106870229007635,-43.045801526717554,16.709923664122137
0.397216796875,0.1241455078125,0.590087890625,5.8320610687022905,-52.44274809160305,24.12213740458015
0.49462890625,0.169677734375,0.4287109375,-9.541984732824428,-21.30534351145038,12.610687022900763
0.5303955078125,0.1453857421875,0.5457763671875,-3.2519083969465647,-12.83969465648855,5.908396946564886
0.5604248046875,0.0828857421875,0.4500732421875,-11.404580152671755,11.404580152671755,-5.687022900763359
0.46923828125,0.2342529296875,0.3988037109375,21.427480916030536,24.38167938931298,-23.541984732824428
0.362548828125,0.2119140625,0.579345703125,-29.137404580152673,71.38931297709924,-31.633587786259543
0.1788330078125,0.1324462890625,0.89501953125,-29.80916030534351,73.8473282442748,-43.57251908396947
0.0572509765625,0.20556640625,1.0623779296875,-27.50381679389313,30.984732824427482,-13.34351145038168
0.1683349609375,0.2783203125,1.1837158203125,19.427480916030536,20.30534351145038,-14.389312977099237
0.1798095703125,0.3629150390625,1.177490234375,2.3053435114503817,12.778625954198473,-11.106870229007633
0.2117919921875,0.302734375,1.2159423828125,1.9312977099236641,7.00763358778626,-11.83206106870229
0.1051025390625,0.3680419921875,1.207275390625,6.854961832061068,-17.885496183206108,14.068702290076336
0.096435546875,0.317626953125,1.0728759765625,4.938931297709924,-51.80152671755725,25.38167938931298
0.13720703125,0.29248046875,1.0074462890625,10.51908396946565,-68.61068702290076,36.221374045801525
0.3094482421875,0.1905517578125,0.7723388671875,21.129770992366414,-80.86259541984732,40.19083969465649
0.4696044921875,0.06298828125,0.4530029296875,17.236641221374047,-51.70229007633588,36.725190839694655
0.5382080078125,0.153564453125,0.361083984375,5.091603053435114,-29.732824427480917,20.603053435114504
0.6278076171875,0.0611572265625,0.294677734375,-10.076335877862595,-11.51908396946565,6.259541984732825
0.650390625,0.0968017578125,0.3004150390625,-31.984732824427482,32.38931297709924,-11.916030534351146
0.4718017578125,0.1522216796875,0.5797119140625,-23.0381679389313,55.67175572519084,-24.87786259541985
0.3192138671875,0.152587890625,0.7774658203125,-15.541984732824428,61.17557251908397,-33.465648854961835
0.2200927734375,0.2235107421875,0.8160400390625,-18.34351145038168,29.870229007633586,-21.404580152671755
0.2662353515625,0.1754150390625,1.0274658203125,-32.656488549618324,9.679389312977099,-12.488549618320612
0.27294921875,0.2427978515625,1.177734375,-28.404580152671755,61.12213740458015,-15.748091603053435
0.183349609375,0.2415771484375,1.18505859375,-4.748091603053435,21.46564885496183,-7.603053435114504
0.1492919921875,0.2696533203125,0.991455078125,-15.83206106870229,-22.557251908396946,0.8702290076335878
0.15576171875,0.349365234375,1.3363037109375,13.290076335877863,-32.81679389312977,18.083969465648856
0.16455078125,0.3121337890625,1.074951171875,25.091603053435115,-62.213740458015266,26.34351145038168
0.2381591796875,0.324462890625,0.9720458984375,18.671755725190838,-62.74809160305343,29.480916030534353
0.23388671875,0.1942138671875,0.8157958984375,-3.2900763358778624,-47.82442748091603,27.49618320610687
0.40673828125,0.1431884765625,0.415771484375,24.53435114503817,-70.30534351145039,38.02290076335878
0.618408203125,0.002685546875,0.14599609375,4.656488549618321,-33.20610687022901,12.213740458015268
0.619384765625,0.1046142578125,0.3865966796875,-13.34351145038168,9.969465648854962,2.282442748091603
0.5592041015625,0.126708984375,0.4312744140625,-15.923664122137405,36.89312977099237,-10.748091603053435
0.37646484375,0.1051025390625,0.44677734375,-46.70229007633588,32.89312977099237,10.931297709923664
0.37744140625,0.1419677734375,0.6820068359375,7.969465648854962,56.49618320610687,-19.82442748091603
0.237548828125,0.276123046875,1.06884765625,-24.709923664122137,65.37404580152672,-43.099236641221374
0.2095947265625,0.2999267578125,1.1649169921875,-34.778625954198475,51.35114503816794,-38.86259541984733
0.1043701171875,0.33203125,1.133544921875,-13.51908396946565,19.480916030534353,-10.419847328244275
-0.0401611328125,0.4295654296875,1.384033203125,37.86259541984733,0.29770992366412213,-26.137404580152673
0.138671875,0.3414306640625,1.22802734375,8.679389312977099,-24.931297709923665,-0.6564885496183206
0.097900390625,0.3760986328125,1.227783203125,17.748091603053435,-46.595419847328245,15.694656488549619
0.14111328125,0.321533203125,1.13623046875,36.87022900763359,-96.10687022900764,38.541984732824424
0.2796630859375,0.223876953125,0.901611328125,33.86259541984733,-93.16793893129771,26.33587786259542
0.4237060546875,0.208740234375,0.4207763671875,47.7557251908397,-94.97709923664122,38.11450381679389
0.59716796875,0.0028076171875,0.0111083984375,7.641221374045801,-22.81679389312977,29.709923664122137
0.71142578125,0.0125732421875,0.25830078125,8.633587786259541,-2.969465648854962,18.53435114503817
0.7705078125,-0.0252685546875,0.10888671875,-26.480916030534353,24.68702290076336,-6.557251908396947
0.5616455078125,0.13916015625,0.3287353515625,-47.80916030534351,87.43511450381679,-27.87786259541985
0.349853515625,0.2294921875,0.844970703125,-15.854961832061068,132.4351145038168,-44.63358778625954
0.1998291015625,0.1868896484375,0.90234375,-1.3129770992366412,75.7175572519084,-42.9236641221374
0.0743408203125,0.3321533203125,1.0906982421875,88.48091603053435,48.847328244274806,25.557251908396946
0.11962890625,0.4349365234375,1.2138671875,-23.137404580152673,57.725190839694655,-30.3206106870229
0.0440673828125,0.3768310546875,1.148681640625,-12.709923664122137,-0.8396946564885496,2.763358778625954
0.0400390625,0.4522705078125,1.3089599609375,12.748091603053435,-15.091603053435115,13.893129770992367
0.0684814453125,0.3712158203125,1.229736328125,8.244274809160306,-75.1526717557252,56.35114503816794
0.2255859375,0.2557373046875,0.9261474609375,47.49618320610687,-48.48854961832061,36.50381679389313
0.28955078125,0.209716796875,0.6181640625,15.129770992366412,-80.45038167938931,36.10687022900763
0.3814697265625,0.165283203125,0.4769287109375,-1.1526717557251909,-67.6793893129771,43.770992366412216
0.6666259765625,0.0091552734375,0.239013671875,3.2977099236641223,-33.083969465648856,25.755725190839694
0.654052734375,0.092529296875,0.3427734375,1.0076335877862594,3.4732824427480917,-2.4656488549618323
0.614990234375,0.161865234375,0.3221435546875,-22.297709923664122,38.83969465648855,-19.12213740458015
0.5233154296875,0.1478271484375,0.4852294921875,-26.458015267175572,37.63358778625954,-13.381679389312977
0.3619384765625,0.1461181640625,0.8330078125,-18.244274809160306,84.29770992366412,-29.083969465648856
0.296875,0.1876220703125,0.844970703125,-24.96946564885496,73.32824427480917,-38.02290076335878
0.057861328125,0.2623291015625,1.0426025390625,-23.31297709923664,61.30534351145038,-37.49618320610687
0.062255859375,0.1641845703125,1.15869140625,-29.595419847328245,31.0,-30.412213740458014
-0.004638671875,0.2301025390625,1.13037109375,-15.129770992366412,28.519083969465647,-15.465648854961833
-0.014404296875,0.2445068359375,1.152587890625,4.5038167938931295,2.9236641221374047,1.1450381679389312
-0.0357666015625,0.3258056640625,1.212158203125,36.900763358778626,-10.213740458015268,9.396946564885496
-0.02392578125,0.347412109375,1.14697265625,41.12977099236641,-37.93129770992366,43.16793893129771
0.0552978515625,0.3084716796875,0.872314453125,-30.16793893129771,-41.54961832061068,7.793893129770993
0.162109375,0.205810546875,0.801513671875,-16.671755725190838,-75.0,19.442748091603054
0.33837890625,0.1202392578125,0.579345703125,17.641221374045802,-66.10687022900764,33.94656488549618
0.4693603515625,0.20654296875,0.4822998046875,6.229007633587786,-20.16793893129771,18.31297709923664
0.440185546875,0.173095703125,0.5509033203125,-0.9465648854961832,-18.69465648854962,15.13740458015267
0.6143798828125,0.05224609375,0.3216552734375,-10.595419847328245,3.213740458015267,-4.587786259541985
0.48583984375,0.1319580078125,0.5255126953125,-45.29007633587786,31.389312977099237,-26.893129770992367
0.326904296875,0.201904296875,0.78857421875,-26.68702290076336,42.79389312977099,-16.610687022900763
0.226806640625,0.166015625,0.9283447265625,-28.282442748091604,34.221374045801525,-4.0534351145038165
0.199951171875,0.170166015625,0.8712158203125,-47.51145038167939,0.5954198473282443,6.534351145038168
0.2398681640625,0.1385498046875,0.976806640625,-38.534351145038165,14.534351145038167,-4.122137404580153
0.1993408203125,0.0999755859375,1.106201171875,-25.366412213740457,45.404580152671755,-14.320610687022901
0.15087890625,0.0322265625,1.06884765625,-34.19083969465649,39.786259541984734,-13.206106870229007
0.0447998046875,0.0384521484375,1.1846923828125,7.0534351145038165,12.374045801526718,-4.923664122137405
0.06591796875,0.062255859375,1.1697998046875,28.732824427480917,-6.961832061068702,1.7251908396946565
0.0880126953125,0.139404296875,1.224365234375,18.38167938931298,-44.29007633587786,16.893129770992367
0.099609375,0.19970703125,1.148193359375,36.13740458015267,-54.62595419847328,21.81679389312977
0.16162109375,0.2091064453125,1.0272216796875,39.81679389312977,-70.38167938931298,24.923664122137403
0.351806640625,0.134033203125,0.626220703125,19.083969465648856,-53.770992366412216,41.70992366412214
0.365478515625,0.193603515625,0.4808349609375,10.145038167938932,-29.87786259541985,15.801526717557252
0.5328369140625,0.1199951171875,0.3701171875,4.740458015267175,-17.061068702290076,8.274809160305344
0.6590576171875,0.0418701171875,0.3656005859375,-3.885496183206107,6.824427480916031,-2.8931297709923665
0.4906005859375,0.195556640625,0.485595703125,-4.0534351145038165,32.908396946564885,-5.564885496183206
0.44091796875,0.162353515625,0.754150390625,-5.366412213740458,52.343511450381676,-15.564885496183207
0.3011474609375,0.1905517578125,0.834716796875,-28.763358778625953,45.41984732824427,-18.267175572519083
0.2066650390625,0.06005859375,0.911376953125,-39.412213740458014,41.045801526717554,-20.47328244274809
0.1015625,0.111083984375,0.89697265625,-21.48854961832061,52.74809160305343,-14.893129770992367
0.0736083984375,0.0999755859375,0.9964599609375,-9.541984732824428,61.76335877862596,-11.84732824427481
-0.0404052734375,0.281494140625,1.40966796875,-9.297709923664122,36.87022900763359,-13.98473282442748
0.0770263671875,0.1595458984375,0.9808349609375,-0.4122137404580153,-18.770992366412212,0.4122137404580153
0.02783203125,0.2957763671875,1.0528564453125,-16.396946564885496,14.083969465648854,-5.0
0.0252685546875,0.3865966796875,0.9942626953125,71.9618320610687,-49.152671755725194,28.81679389312977
0.10107421875,0.3699951171875,0.9473876953125,30.557251908396946,-61.41984732824427,17.297709923664122
0.1826171875,0.2667236328125,0.925537109375,13.145038167938932,-46.00763358778626,31.83206106870229
0.2955322265625,0.254638671875,0.588623046875,1.7404580152671756,-17.72519083969466,31.389312977099237
0.332275390625,0.3353271484375,0.58056640625,16.229007633587788,-1.4198473282442747,23.51145038167939
0.4342041015625,0.2349853515625,0.555908203125,10.603053435114504,-7.648854961832061,10.610687022900763
0.5078125,0.1884765625,0.4866943359375,-9.49618320610687,6.748091603053435,-4.267175572519084
0.3509521484375,0.14453125,0.525390625,-9.229007633587786,38.725190839694655,-17.099236641221374
0.260009765625,0.234619140625,0.544921875,-32.66412213740458,38.961832061068705,-31.938931297709924
0.1514892578125,0.26708984375,0.6419677734375,-28.045801526717558,70.99236641221374,-40.091603053435115
-0.114501953125,0.373291015625,1.125244140625,-14.49618320610687,60.79389312977099,-32.68702290076336
-0.0067138671875,0.391845703125,1.2166748046875,-27.82442748091603,-30.0381679389313,5.687022900763359
0.0234375,0.4874267578125,1.165771484375,23.458015267175572,17.3206106870229,13.84732824427481
-0.14794921875,0.388427734375,1.150634765625,-128.9618320610687,10.290076335877863,98.94656488549619
0.092041015625,0.2255859375,1.148681640625,2.49618320610687,21.916030534351144,-76.26717557251908
-0.1795654296875,0.236572265625,1.1304931640625,-14.51908396946565,-4.213740458015267,-71.12213740458016
-0.1776123046875,0.078857421875,0.9715576171875,-9.725190839694656,-70.49618320610686,-5.213740458015267
-0.0631103515625,0.0870361328125,0.8447265625,-1.5954198473282444,-67.10687022900764,13.870229007633588
0.0882568359375,0.064697265625,0.6986083984375,16.427480916030536,-33.961832061068705,20.068702290076335
0.3428955078125,0.1029052734375,0.642578125,14.030534351145038,-12.664122137404581,9.83206106870229
0.3211669921875,0.09033203125,0.6806640625,3.5877862595419847,-6.221374045801527,7.122137404580153
0.3291015625,0.0703125,0.6856689453125,-7.67175572519084,3.312977099236641,0.8396946564885496
0.29150390625,0.0654296875,0.7064208984375,-11.603053435114504,6.0,-5.770992366412214
0.2003173828125,0.1075439453125,0.5953369140625,-14.13740458015267,25.297709923664122,-1.8854961832061068
0.071533203125,0.0535888671875,0.7354736328125,-47.50381679389313,57.404580152671755,-18.198473282442748
-0.2198486328125,0.143798828125,1.129150390625,-43.282442748091604,76.6030534351145,-28.412213740458014
-0.285888671875,0.0380859375,1.296142578125,-4.977099236641221,32.25954198473283,-14.526717557251908
-0.2144775390625,-0.015869140625,1.065185546875,13.061068702290076,14.34351145038168,-6.259541984732825
-0.258056640625,0.0474853515625,1.07275390625,-5.763358778625954,2.877862595419847,-3.877862595419847
-0.3267822265625,0.0892333984375,1.31689453125,2.5343511450381677,-14.595419847328245,7.6183206106870225
-0.274658203125,0.0784912109375,1.2005615234375,25.03053435114504,-41.02290076335878,2.6259541984732824
-0.21728515625,0.1239013671875,1.009765625,25.35114503816794,-60.70229007633588,11.969465648854962
-0.0057373046875,0.1063232421875,0.7908935546875,36.045801526717554,-77.48091603053435,21.786259541984734
0.1868896484375,0.1351318359375,0.493408203125,30.358778625954198,-42.44274809160305,21.0381679389313
0.35107421875,0.12109375,0.524169921875,-4.473282442748092,-22.770992366412212,10.259541984732824
0.388671875,0.170654296875,0.58984375,-10.86259541984733,1.2595419847328244,2.5801526717557253
0.3055419921875,0.1507568359375,0.677734375,-22.68702290076336,20.68702290076336,-10.267175572519085
0.2119140625,0.16015625,0.70751953125,-24.580152671755727,35.404580152671755,-14.65648854961832
0.1221923828125,0.1075439453125,0.773193359375,-40.48854961832061,46.93129770992366,-20.083969465648856
-0.049072265625,-0.018310546875,0.9569091796875,-48.2442748091603,47.81679389312977,-4.244274809160306
-0.0986328125,0.0108642578125,0.9217529296875,-49.79389312977099,19.541984732824428,13.80916030534351
-0.2017822265625,-0.04638671875,1.1270751953125,-13.366412213740459,32.2442748091603,-13.0
-0.2430419921875,-0.017822265625,1.2486572265625,-5.061068702290076,22.267175572519083,-11.122137404580153
-0.20703125,-0.0323486328125,1.0745849609375,-1.4732824427480915,-3.9770992366412212,-6.541984732824427
-0.3050537109375,0.046630859375,1.3056640625,9.022900763358779,-14.618320610687023,-1.8015267175572518
-0.177978515625,0.039794921875,1.0703125,26.572519083969464,-41.969465648854964,9.007633587786259
-0.0875244140625,0.0306396484375,1.023193359375,37.99236641221374,-36.47328244274809,2.3053435114503817
-0.048583984375,0.1815185546875,0.8507080078125,41.732824427480914,-56.54961832061068,-0.25190839694656486
-0.0123291015625,0.117919921875,0.8509521484375,24.0381679389313,-37.47328244274809,32.06106870229008
0.429931640625,0.0162353515625,0.38427734375,9.641221374045802,-18.82442748091603,12.099236641221374
0.3250732421875,0.146240234375,0.5528564453125,-11.01526717557252,-2.83206106870229,0.061068702290076333
0.322021484375,0.183837890625,0.4913330078125,-23.9618320610687,22.96946564885496,-9.473282442748092
0.2099609375,0.041259765625,0.5682373046875,-29.893129770992367,61.70992366412214,-24.15267175572519
-0.17333984375,0.0037841796875,1.01904296875,-39.06106870229008,74.17557251908397,-13.312977099236642
-0.2725830078125,0.0318603515625,1.1273193359375,-23.366412213740457,49.6412213740458,-13.244274809160306
-0.315185546875,0.0596923828125,1.197265625,-14.587786259541986,27.0381679389313,-4.862595419847328
-0.2657470703125,0.1390380859375,1.0428466796875,0.3053435114503817,16.366412213740457,2.49618320610687
-0.4486083984375,0.1380615234375,1.3543701171875,17.72519083969466,0.16030534351145037,1.633587786259542
-0.32470703125,0.16455078125,1.18115234375,33.68702290076336,-37.52671755725191,14.282442748091603
-0.2252197265625,0.155029296875,1.108154296875,19.412213740458014,-59.38931297709924,22.85496183206107
-0.2344970703125,0.216064453125,0.8558349609375,17.14503816793893,-78.44274809160305,53.30534351145038
0.1666259765625,-0.03125,0.5069580078125,23.732824427480917,-55.29007633587786,34.38167938931298
0.23779296875,0.216552734375,0.546875,1.0381679389312977,-18.114503816793892,0.4732824427480916
0.3004150390625,0.1527099609375,0.6917724609375,-0.6946564885496184,-10.870229007633588,10.992366412213741
0.22607421875,0.2529296875,0.4678955078125,-6.847328244274809,-7.984732824427481,4.916030534351145
0.3719482421875,0.1854248046875,0.2860107421875,-10.603053435114504,56.343511450381676,-36.69465648854962
-0.048583984375,0.123291015625,0.7518310546875,-18.923664122137403,96.3206106870229,-44.083969465648856
-0.2677001953125,0.1080322265625,1.15234375,-14.557251908396946,65.20610687022901,-4.67175572519084
-0.3245849609375,0.3033447265625,1.0941162109375,-20.702290076335878,44.66412213740458,-17.595419847328245
-0.45458984375,0.241943359375,1.0650634765625,-34.16030534351145,33.86259541984733,-14.664122137404581
-0.4912109375,0.20166015625,1.315185546875,6.351145038167939,13.65648854961832,-5.3893129770992365
-0.5115966796875,0.294921875,1.2288818359375,40.88549618320611,-44.33587786259542,32.93129770992366
-0.3692626953125,0.362060546875,1.1239013671875,48.54961832061068,-61.12213740458015,22.625954198473284
-0.160888671875,0.3695068359375,0.78955078125,18.099236641221374,-62.045801526717554,22.81679389312977
-0.055419921875,0.34375,0.68701171875,-11.473282442748092,-78.12213740458016,27.80916030534351
0.10986328125,0.2568359375,0.5911865234375,-0.7786259541984732,-63.56488549618321,40.56488549618321
0.40478515625,0.2249755859375,0.622802734375,7.862595419847328,-52.25954198473283,32.900763358778626
0.467529296875,0.271484375,0.41455078125,1.1755725190839694,-5.297709923664122,-5.763358778625954
0.37890625,0.258056640625,0.470458984375,-23.954198473282442,34.64885496183206,-20.85496183206107
0.234130859375,0.2281494140625,0.6307373046875,-30.931297709923665,46.87786259541985,-16.549618320610687
0.1444091796875,0.1842041015625,0.8011474609375,-13.48091603053435,52.587786259541986,-12.954198473282442
-0.030517578125,0.2364501953125,0.87255859375,-8.900763358778626,61.343511450381676,-26.12213740458015
-0.1475830078125,0.22314453125,0.959716796875,-40.10687022900763,66.62595419847328,-44.74809160305343
-0.3988037109375,0.16552734375,1.1318359375,-53.465648854961835,49.48854961832061,-43.43511450381679
-0.3648681640625,0.104248046875,1.12841796875,-18.83206106870229,9.312977099236642,-2.9389312977099236
-0.34716796875,0.025634765625,1.05859375,-5.190839694656488,4.6106870229007635,1.251908396946565
-0.3836669921875,0.127197265625,1.2442626953125,39.48854961832061,-11.870229007633588,22.18320610687023
-0.3421630859375,0.2449951171875,1.1190185546875,30.87786259541985,-36.778625954198475,16.435114503816795
-0.25048828125,0.24560546875,1.081298828125,22.50381679389313,-53.18320610687023,22.053435114503817
-0.1097412109375,0.165283203125,0.87890625,8.893129770992367,-66.12213740458016,20.83969465648855
0.0687255859375,0.148681640625,0.5738525390625,12.595419847328245,-57.7557251908397,32.961832061068705
0.2362060546875,0.1907958984375,0.44384765625,12.435114503816793,-26.442748091603054,14.572519083969466
0.291015625,0.1910400390625,0.5263671875,13.618320610687023,1.83206106870229,2.595419847328244
0.3160400390625,0.1973876953125,0.4482421875,-1.1297709923664123,40.656488549618324,-16.778625954198475
0.161865234375,0.22509765625,0.6400146484375,-39.88549618320611,55.68702290076336,-20.297709923664122
-0.1610107421875,0.1734619140625,0.9949951171875,-39.961832061068705,67.20610687022901,-26.091603053435115
-0.252197265625,0.100830078125,1.0986328125,-9.50381679389313,63.916030534351144,-18.03053435114504
-0.2850341796875,0.026123046875,0.8896484375,-26.519083969465647,26.30534351145038,-20.206106870229007
-0.2008056640625,-0.1248779296875,0.84228515625,-12.618320610687023,24.022900763358777,-20.259541984732824
-0.4354248046875,0.1295166015625,0.9674072265625,-16.106870229007633,17.03053435114504,-9.419847328244275
-0.213623046875,0.0697021484375,1.13134765625,25.458015267175572,23.3206106870229,-3.2061068702290076
-0.3804931640625,0.1480712890625,1.306396484375,46.88549618320611,-27.541984732824428,32.786259541984734
-0.3392333984375,0.137451171875,1.06591796875,42.58015267175573,-21.19083969465649,10.206106870229007
-0.332763671875,0.458740234375,0.915771484375,6.33587786259542,11.458015267175572,-9.755725190839694
-0.25146484375,0.0916748046875,0.73291015625,-51.74809160305343,-9.80916030534351,50.908396946564885
0.0125732421875,-0.1273193359375,0.4276123046875,32.97709923664122,-89.01526717557252,80.81679389312977
0.380126953125,0.0289306640625,0.3787841796875,43.595419847328245,-49.954198473282446,27.801526717557252
0.3709716796875,0.2840576171875,0.481689453125,-24.290076335877863,16.251908396946565,-27.755725190839694
0.13818359375,0.26123046875,0.50341796875,-28.977099236641223,40.0763358778626,-51.93129770992366
-0.1593017578125,0.173583984375,0.734130859375,-13.755725190839694,53.465648854961835,-15.091603053435115
-0.1822509765625,0.1646728515625,0.9659423828125,-15.778625954198473,54.32824427480916,-17.114503816793892
-0.331298828125,0.2366943359375,0.9891357421875,8.251908396946565,15.488549618320612,-2.3969465648854964
-0.262939453125,0.241455078125,0.952392578125,1.5419847328244274,-37.76335877862596,-7.549618320610687
-0.140869140625,0.1922607421875,0.9681396484375,-27.83206106870229,2.2290076335877864,2.3587786259541983
-0.2337646484375,0.2064208984375,1.0078125,-2.50381679389313,9.603053435114504,-7.572519083969466
-0.1663818359375,0.078125,0.971923828125,0.6641221374045801,42.916030534351144,-13.992366412213741
-0.253662109375,0.1466064453125,1.0430908203125,0.46564885496183206,20.091603053435115,-12.473282442748092
-0.3714599609375,0.2774658203125,1.12939453125,73.37404580152672,-39.62595419847328,34.33587786259542
-0.262451171875,0.37109375,0.8829345703125,69.58778625954199,-51.12213740458015,33.54961832061068
-0.104248046875,0.4442138671875,0.892578125,8.587786259541986,-43.9236641221374,14.854961832061068
0.0103759765625,0.407470703125,0.6646728515625,15.877862595419847,-74.45038167938931,48.19847328244275
0.4356689453125,0.093994140625,0.1864013671875,64.54198473282443,-78.61832061068702,79.27480916030534
0.5567626953125,0.38623046875,0.1649169921875,-31.458015267175572,19.129770992366414,-15.82442748091603
0.3443603515625,0.3660888671875,0.6055908203125,-32.267175572519086,27.46564885496183,-15.572519083969466
0.32373046875,0.34228515625,0.6268310546875,-39.98473282442748,28.801526717557252,-11.557251908396946
0.1656494140625,0.314453125,0.618408203125,-15.549618320610687,26.541984732824428,8.50381679389313
0.14111328125,0.189697265625,0.59375,-16.282442748091604,38.51145038167939,1.2213740458015268
-0.119873046875,0.3157958984375,0.969970703125,-37.725190839694655,98.38931297709924,-82.89312977099236
-0.398681640625,0.222900390625,1.3485107421875,-67.80152671755725,73.6030534351145,-75.41221374045801
-0.43212890625,0.2122802734375,1.2017822265625,-27.061068702290076,36.31297709923664,-18.366412213740457
-0.362548828125,0.0966796875,0.7509765625,-10.106870229007633,-0.5190839694656488,3.0076335877862594
-0.4190673828125,0.20166015625,1.110107421875,-22.72519083969466,-11.86259541984733,-0.2900763358778626
-0.4029541015625,0.2169189453125,1.100341796875,26.137404580152673,-44.05343511450382,25.9618320610687
-0.3353271484375,0.28466796875,1.206787109375,45.11450381679389,-39.16030534351145,21.106870229007633
-0.2305908203125,0.294189453125,0.843505859375,10.687022900763358,-64.94656488549619,32.770992366412216
0.0057373046875,0.16796875,0.550537109375,-3.877862595419847,-88.69465648854961,39.3587786259542
0.3582763671875,0.143798828125,0.387451171875,-15.51908396946565,-31.19083969465649,39.2442748091603
0.2098388671875,0.2254638671875,0.655029296875,33.656488549618324,-32.16030534351145,19.12213740458015
0.4171142578125,0.326904296875,0.38671875,9.320610687022901,4.145038167938932,0.6030534351145038
0.328125,0.2967529296875,0.5465087890625,-10.83969465648855,56.06870229007634,-16.404580152671755
0.049560546875,0.26318359375,0.7567138671875,-21.328244274809162,74.61068702290076,-29.396946564885496
-0.11865234375,0.1802978515625,1.0264892578125,-9.885496183206106,66.0381679389313,-27.48854961832061
-0.2305908203125,0.260009765625,0.9683837890625,-11.045801526717558,51.82442748091603,-24.9618320610687
-0.3201904296875,0.2655029296875,1.10693359375,-41.38931297709924,31.389312977099237,-30.427480916030536
-0.3759765625,0.19970703125,1.1593017578125,-26.129770992366414,2.4885496183206106,-4.7251908396946565
-0.2926025390625,0.1429443359375,0.9403076171875,-9.80916030534351,-6.755725190839694,-0.2748091603053435
-0.359619140625,0.211669921875,1.1343994140625,-11.236641221374045,1.0458015267175573,-5.847328244274809
-0.4208984375,0.269287109375,1.21435546875,-5.473282442748092,-44.05343511450382,5.748091603053435
-0.2930908203125,0.1275634765625,1.0863037109375,20.81679389312977,-60.42748091603053,13.221374045801527
-0.0914306640625,0.1103515625,0.77734375,19.870229007633586,-49.02290076335878,7.877862595419847
0.03125,0.193359375,0.643310546875,19.870229007633586,-50.916030534351144,18.396946564885496
0.0565185546875,0.228515625,0.7236328125,15.977099236641221,-46.36641221374046,14.923664122137405
0.3017578125,0.2117919921875,0.4752197265625,2.2061068702290076,-30.52671755725191,25.50381679389313
0.2890625,0.252685546875,0.5921630859375,12.725190839694656,-8.106870229007633,8.854961832061068
0.2640380859375,0.264892578125,0.5501708984375,1.2366412213740459,29.709923664122137,-6.877862595419847
0.1693115234375,0.2080078125,0.6290283203125,-3.213740458015267,63.23664122137404,-20.885496183206108
-0.0654296875,0.195556640625,0.788330078125,-35.274809160305345,76.2824427480916,-38.76335877862596
-0.303955078125,0.145751953125,1.0330810546875,-39.458015267175576,49.93129770992366,-26.290076335877863
-0.3082275390625,0.190673828125,1.0018310546875,-23.740458015267176,17.68702290076336,-4.641221374045801
-0.3330078125,0.2060546875,1.1304931640625,-25.595419847328245,-6.9465648854961835,-7.732824427480916
-0.281982421875,0.1431884765625,1.09619140625,-12.442748091603054,-11.045801526717558,-6.183206106870229
-0.304443359375,0.189697265625,1.156494140625,5.3893129770992365,-16.213740458015266,2.2061068702290076
-0.3006591796875,0.1905517578125,1.236572265625,21.778625954198475,-33.37404580152672,6.00763358778626
-0.216552734375,0.218017578125,0.978515625,25.49618320610687,-55.229007633587784,27.53435114503817
-0.117919921875,0.2357177734375,0.9083251953125,42.916030534351144,-66.90076335877863,32.87786259541985
0.1070556640625,0.207763671875,0.650634765625,-8.007633587786259,-65.3969465648855,8.816793893129772
0.3148193359375,0.193115234375,0.38623046875,-8.564885496183207,-51.11450381679389,27.267175572519083
0.3250732421875,0.27587890625,0.5850830078125,-19.137404580152673,10.587786259541986,-2.2595419847328246
0.365234375,0.2027587890625,0.6785888671875,-19.53435114503817,15.091603053435115,-4.396946564885496
0.236572265625,0.1453857421875,0.7083740234375,-11.931297709923664,39.465648854961835,-13.022900763358779
0.06689453125,0.298095703125,0.718505859375,-29.435114503816795,41.908396946564885,-24.572519083969464
-0.07568359375,0.2611083984375,0.7269287109375,-38.68702290076336,62.725190839694655,-38.404580152671755
-0.17578125,0.0692138671875,0.990966796875,-25.580152671755727,56.69465648854962,-16.83969465648855
-0.3013916015625,0.11474609375,1.1998291015625,13.916030534351146,39.31297709923664,6.061068702290076
-0.2548828125,0.1033935546875,1.135498046875,-13.763358778625955,12.908396946564885,-12.916030534351146
-0.2955322265625,0.144287109375,1.12158203125,-19.900763358778626,0.366412213740458,-6.450381679389313
-0.342041015625,0.222900390625,1.2874755859375,19.900763358778626,-37.0,15.053435114503817
-0.2308349609375,0.18115234375,1.12158203125,24.610687022900763,-51.00763358778626,14.534351145038167
-0.1072998046875,0.1773681640625,0.885986328125,5.603053435114504,-40.02290076335878,22.755725190839694
-0.02587890625,0.139404296875,0.6644287109375,-54.038167938931295,-33.38931297709924,47.18320610687023
0.122314453125,0.0731201171875,0.7164306640625,6.282442748091603,-46.58015267175573,11.83206106870229
0.2105712890625,0.1484375,0.6197509765625,0.2824427480916031,-34.52671755725191,12.389312977099237
0.2935791015625,0.146240234375,0.739990234375,-0.549618320610687,-7.358778625954199,5.9465648854961835
0.2860107421875,0.1810302734375,0.5936279296875,-5.4961832061068705,-4.2748091603053435,1.6259541984732824
0.2593994140625,0.1878662109375,0.6353759765625,-2.1068702290076335,23.236641221374047,-4.1679389312977095
0.1612548828125,0.1640625,0.694580078125,-4.870229007633588,45.41984732824427,-13.679389312977099
0.029541015625,0.1007080078125,0.77880859375,-22.587786259541986,66.77099236641222,-17.541984732824428
-0.1148681640625,0.01513671875,0.8836669921875,-22.977099236641223,61.030534351145036,-27.0381679389313
-0.30126953125,0.04833984375,1.0894775390625,-17.793893129770993,35.54961832061068,-44.05343511450382
-0.358154296875,0.0572509765625,1.29833984375,-19.31297709923664,20.419847328244273,-14.404580152671755
-0.317138671875,0.0562744140625,1.268798828125,2.984732824427481,-4.679389312977099,1.5648854961832062
-0.3712158203125,0.1041259765625,1.2188720703125,33.732824427480914,-39.969465648854964,17.03053435114504
-0.2509765625,0.107421875,1.0123291015625,42.16030534351145,-55.97709923664122,30.099236641221374
-0.136962890625,0.1727294921875,0.926513671875,27.786259541984734,-67.62595419847328,31.641221374045802
0.131591796875,0.217041015625,0.7044677734375,18.053435114503817,-64.61832061068702,30.83206106870229
0.1282958984375,0.1866455078125,0.5908203125,-3.404580152671756,-31.66412213740458,21.129770992366414
0.384765625,0.0797119140625,0.6121826171875,12.488549618320612,-37.80152671755725,6.412213740458015
0.404541015625,0.146484375,0.5743408203125,-12.206106870229007,13.641221374045802,-11.106870229007633
0.2095947265625,0.1072998046875,0.700439453125,-33.97709923664122,53.603053435114504,0.1984732824427481
0.1373291015625,0.208984375,0.740478515625,-27.61832061068702,57.23664122137404,-9.007633587786259
-0.009765625,0.1014404296875,0.8079833984375,-33.32824427480916,75.07633587786259,-35.2442748091603
-0.2625732421875,0.146240234375,0.9566650390625,-24.18320610687023,53.36641221374046,-37.3206106870229
-0.37939453125,0.1397705078125,1.0623779296875,-18.53435114503817,26.31297709923664,-22.366412213740457
-0.359375,0.120361328125,1.2108154296875,-13.725190839694656,13.0,-10.82442748091603
-0.27197265625,-0.0457763671875,0.9205322265625,-18.702290076335878,-8.282442748091603,-0.6641221374045801
-0.4227294921875,0.0697021484375,1.0980224609375,13.748091603053435,-4.740458015267175,-14.80916030534351
-0.2332763671875,0.0931396484375,1.07080078125,1.6412213740458015,-37.221374045801525,12.954198473282442
-0.235107421875,0.208740234375,1.124267578125,5.7251908396946565,-46.97709923664122,11.320610687022901
-0.1258544921875,0.1175537109375,0.9432373046875,23.15267175572519,-52.97709923664122,17.9618320610687
-0.075927734375,0.1033935546875,0.8292236328125,26.801526717557252,-69.14503816793894,33.541984732824424
0.08642578125,0.111572265625,0.7628173828125,37.2442748091603,-60.099236641221374,30.81679389312977
0.22509765625,0.2952880859375,0.763671875,36.961832061068705,-81.94656488549619,19.564885496183205
0.45947265625,0.2708740234375,0.5303955078125,5.427480916030534,-18.786259541984734,1.3129770992366412
0.439697265625,0.2679443359375,0.476806640625,-27.65648854961832,18.984732824427482,1.251908396946565
0.374267578125,0.2115478515625,0.5308837890625,-40.343511450381676,36.50381679389313,-9.396946564885496
0.245361328125,0.17431640625,0.567138671875,-45.30534351145038,68.22900763358778,7.564885496183206
0.0234375,0.0693359375,0.8111572265625,-55.80152671755725,23.801526717557252,-22.564885496183205
-0.0174560546875,-0.03125,1.0653076171875,-52.67175572519084,45.7557251908397,-25.30534351145038
-0.05615234375,-0.080810546875,1.1336669921875,-28.96946564885496,60.69465648854962,-19.389312977099237
-0.1480712890625,-0.0814208984375,1.1826171875,-35.66412213740458,23.786259541984734,-22.282442748091604
-0.2061767578125,-0.05419921875,1.14208984375,11.122137404580153,31.267175572519083,3.1297709923664123
-0.235595703125,0.0126953125,1.26904296875,25.84732824427481,-28.80916030534351,7.122137404580153
-0.172119140625,0.035888671875,1.102783203125,41.80916030534351,-48.97709923664122,15.603053435114504
-0.103271484375,0.083251953125,0.9635009765625,51.74045801526717,-34.16793893129771,14.19083969465649
-0.026611328125,0.1285400390625,0.8900146484375,40.099236641221374,-54.57251908396947,19.740458015267176
0.1378173828125,0.1981201171875,0.74560546875,29.748091603053435,-63.67175572519084,29.717557251908396
0.300048828125,0.1766357421875,0.5374755859375,10.954198473282442,-62.9236641221374,32.656488549618324
0.447998046875,0.2413330078125,0.519775390625,15.145038167938932,-13.870229007633588,9.595419847328245
0.5135498046875,0.286865234375,0.4237060546875,-14.213740458015268,14.030534351145038,-10.129770992366412
0.4046630859375,0.2230224609375,0.5120849609375,-22.068702290076335,51.778625954198475,-11.946564885496183
0.1842041015625,0.1956787109375,0.7135009765625,-41.12213740458015,59.534351145038165,-19.702290076335878
0.01806640625,0.1451416015625,0.9034423828125,-5.648854961832061,56.587786259541986,-7.709923664122138
-0.03564453125,0.1685791015625,0.9024658203125,-46.16030534351145,39.541984732824424,-21.61832061068702
-0.1424560546875,0.0531005859375,0.9779052734375,-40.916030534351144,53.83206106870229,-15.534351145038167
-0.2000732421875,0.0548095703125,1.271728515625,-43.587786259541986,55.587786259541986,-17.244274809160306
-0.33154296875,0.08447265625,1.1732177734375,-8.969465648854962,-3.5267175572519083,9.98473282442748
-0.2586669921875,0.0084228515625,1.2156982421875,19.954198473282442,-27.603053435114504,11.221374045801527
-0.20263671875,0.0667724609375,1.1453857421875,35.404580152671755,-43.3206106870229,12.83206106870229
-0.2196044921875,0.253662109375,0.9637451171875,18.801526717557252,-43.06106870229008,13.16793893129771
-0.0074462890625,0.1456298828125,0.7640380859375,22.328244274809162,-63.44274809160305,46.45038167938932
0.2362060546875,0.1092529296875,0.5203857421875,-0.8396946564885496,-61.79389312977099,32.66412213740458
0.33740234375,0.14111328125,0.5548095703125,-5.259541984732825,-24.6793893129771,18.603053435114504
0.3603515625,0.201416015625,0.617431640625,19.519083969465647,-20.129770992366414,9.32824427480916
0.464599609375,0.1778564453125,0.4248046875,-9.610687022900763,10.923664122137405,-7.419847328244275
0.3687744140625,0.1304931640625,0.5760498046875,-10.50381679389313,46.0763358778626,-23.793893129770993
0.1483154296875,0.1099853515625,0.802490234375,-33.213740458015266,62.93893129770992,-37.404580152671755
-0.024658203125,0.126953125,0.9132080078125,-35.36641221374046,62.595419847328245,-31.763358778625953
-0.1705322265625,0.145751953125,1.0791015625,-38.274809160305345,37.66412213740458,-16.374045801526716
-0.1495361328125,0.0870361328125,1.125732421875,-35.13740458015267,16.0,-15.664122137404581
-0.1650390625,-0.0284423828125,1.081787109375,10.351145038167939,42.541984732824424,-2.5419847328244276
-0.2421875,0.033203125,1.0909423828125,26.923664122137403,32.67175572519084,-10.961832061068701
-0.3363037109375,0.1605224609375,1.0836181640625,0.4351145038167939,12.694656488549619,-4.251908396946565
-0.2955322265625,0.133544921875,1.1031494140625,-38.0,-23.862595419847327,26.480916030534353
-0.222412109375,0.1448974609375,0.952392578125,-44.41984732824427,-69.73282442748092,25.3206106870229
-0.240478515625,-0.1048583984375,0.891845703125,-30.412213740458014,-59.916030534351144,45.038167938931295
-0.047607421875,-0.1123046875,0.818359375,36.06870229007634,-78.55725190839695,8.893129770992367
0.001220703125,0.1519775390625,0.910400390625,39.97709923664122,-101.74045801526718,17.129770992366414
0.4654541015625,-0.0655517578125,0.5595703125,57.16030534351145,-82.63358778625954,39.68702290076336
0.5362548828125,0.1949462890625,0.31396484375,7.396946564885496,10.297709923664122,-17.236641221374047
0.3031005859375,0.1326904296875,0.621826171875,-20.083969465648856,93.6030534351145,-25.748091603053435
0.038818359375,0.185791015625,0.803466796875,1.7633587786259541,28.0,-9.854961832061068
0.1165771484375,0.163818359375,0.796875,-6.702290076335878,17.442748091603054,-13.358778625954198
0.0850830078125,0.13427734375,1.0181884765625,-15.442748091603054,41.099236641221374,-7.740458015267175
-0.0272216796875,0.1695556640625,0.8916015625,-58.70992366412214,31.862595419847327,-8.114503816793894
-0.05322265625,-0.0816650390625,0.8155517578125,-52.717557251908396,65.02290076335878,-39.961832061068705
-0.2510986328125,-0.121337890625,1.201904296875,-53.229007633587784,43.465648854961835,3.3587786259541983
-0.1871337890625,0.03076171875,1.0765380859375,-67.70229007633588,8.664122137404581,-12.931297709923664
-0.335205078125,-0.10009765625,1.4818115234375,29.358778625954198,6.206106870229007,27.099236641221374
-0.3016357421875,-0.0567626953125,1.000732421875,26.923664122137403,-89.02290076335878,28.114503816793892
-0.2794189453125,-0.0035400390625,0.929443359375,22.931297709923665,-114.13740458015268,18.099236641221374
0.2598876953125,-0.0252685546875,0.5465087890625,37.93129770992366,-89.8473282442748,27.38167938931298
0.1973876953125,0.1737060546875,0.5174560546875,52.900763358778626,-48.038167938931295,-8.694656488549619
0.487060546875,0.0560302734375,0.3377685546875,-27.72519083969466,-30.984732824427482,-9.16030534351145
0.325439453125,0.1446533203125,0.671630859375,-23.099236641221374,22.625954198473284,-8.694656488549619
0.151123046875,0.215087890625,0.7008056640625,-42.62595419847328,23.106870229007633,-31.83969465648855
0.1539306640625,-0.0008544921875,0.85205078125,-30.17557251908397,67.78625954198473,-21.900763358778626
-0.13134765625,0.05908203125,1.1077880859375,-16.198473282442748,66.19083969465649,-15.038167938931299
-0.194091796875,0.19287109375,1.036376953125,-27.389312977099237,37.20610687022901,-26.0381679389313
-0.1785888671875,-0.0201416015625,0.9769287109375,-4.854961832061068,-0.366412213740458,-7.8320610687022905
-0.2105712890625,0.0679931640625,0.9786376953125,-6.694656488549619,15.625954198473282,-1.2290076335877862
-0.3201904296875,0.1885986328125,1.4359130859375,-39.49618320610687,30.053435114503817,3.6106870229007635
-0.37939453125,0.0780029296875,1.4332275390625,27.717557251908396,-46.38931297709924,21.16793893129771
-0.1593017578125,0.0489501953125,0.8670654296875,40.52671755725191,-82.92366412213741,29.053435114503817
0.052978515625,0.0921630859375,0.6429443359375,44.42748091603053,-77.01526717557252,33.3206106870229
0.380615234375,0.18115234375,0.28125,-5.282442748091603,-50.14503816793893,11.84732824427481
0.3160400390625,0.1336669921875,0.5462646484375,-10.65648854961832,4.259541984732825,-3.045801526717557
0.2960205078125,0.115234375,0.543212890625,-20.27480916030534,27.022900763358777,-6.580152671755725
0.126953125,0.1888427734375,0.581787109375,-57.900763358778626,56.66412213740458,-22.83206106870229
-0.1353759765625,0.07958984375,1.0694580078125,-51.6412213740458,60.534351145038165,-30.68702290076336
-0.1385498046875,0.053955078125,1.2305908203125,-27.633587786259543,27.480916030534353,-19.35114503816794
-0.1099853515625,0.0198974609375,1.016357421875,-21.709923664122137,13.32824427480916,-9.17557251908397
-0.13232421875,0.06396484375,0.921142578125,-14.206106870229007,14.389312977099237,-5.534351145038168
-0.3023681640625,0.0767822265625,1.14794921875,-7.229007633587786,30.3206106870229,-5.648854961832061
-0.2489013671875,0.0985107421875,1.19287109375,16.786259541984734,-22.396946564885496,7.297709923664122
-0.2427978515625,0.0767822265625,1.2874755859375,43.49618320610687,-47.595419847328245,8.053435114503817
-0.1268310546875,0.1470947265625,0.91845703125,23.900763358778626,-63.01526717557252,31.610687022900763
0.048095703125,0.059814453125,0.594970703125,26.908396946564885,-51.85496183206107,30.106870229007633
0.2559814453125,0.1815185546875,0.470458984375,10.755725190839694,-20.595419847328245,12.786259541984732
0.30908203125,0.149658203125,0.5213623046875,-12.992366412213741,7.290076335877862,-3.5343511450381677
0.212158203125,0.068603515625,0.5294189453125,-23.48854961832061,36.44274809160305,-3.9923664122137406
0.086669921875,0.013671875,0.7286376953125,-39.19847328244275,63.2442748091603,-8.86259541984733
-0.1585693359375,0.0401611328125,1.03271484375,-32.35114503816794,62.41984732824427,-15.083969465648854
